neko.dev	1.46.0rc1	neko.dev		
matrix.cfx.re	1.46.0rc1	matrix.cfx.re	United States of America	ğŸ‡ºğŸ‡¸
matrix.neko.dev	1.46.0rc1	matrix.neko.dev	Finland	ğŸ‡«ğŸ‡®
52k.de	1.45.1	52k.de	Germany	ğŸ‡©ğŸ‡ª
stop.pe	1.45.1	stop.pe	Germany	ğŸ‡©ğŸ‡ª
mtrx.nz	1.45.1	mtrx.nz	New Zealand	ğŸ‡³ğŸ‡¿
kvbx.de	1.45.1	kvbx.de	Germany	ğŸ‡©ğŸ‡ª
awau.uk	1.45.1	awau.uk	United States of America	ğŸ‡ºğŸ‡¸
asra.gr	1.45.1	asra.gr	Germany	ğŸ‡©ğŸ‡ª
zinz.dev	1.45.1	zinz.dev	France	ğŸ‡«ğŸ‡·
synod.im	1.45.1	synod.im	Germany	ğŸ‡©ğŸ‡ª
midov.pl	1.45.1	midov.pl	Poland	ğŸ‡µğŸ‡±
kuvio.de	1.45.1	kuvio.de	Germany	ğŸ‡©ğŸ‡ª
envs.net	1.45.1	envs.net	Germany	ğŸ‡©ğŸ‡ª
causa.li	1.45.1	causa.li	Canada	ğŸ‡¨ğŸ‡¦
sgstbr.de	1.45.1	sgstbr.de	Germany	ğŸ‡©ğŸ‡ª
mephis.to	1.45.1	mephis.to	Germany	ğŸ‡©ğŸ‡ª
m.wfr.moe	1.45.1	m.wfr.moe	Austria	ğŸ‡¦ğŸ‡¹
im.f3l.de	1.45.1	im.f3l.de	Germany	ğŸ‡©ğŸ‡ª
bau-ha.us	1.45.0	bau-ha.us	Germany	ğŸ‡©ğŸ‡ª
3000.chat	1.45.1	3000.chat	Finland	ğŸ‡«ğŸ‡®
nitro.chat	1.45.1	nitro.chat	Germany	ğŸ‡©ğŸ‡ª
lostpod.me	1.45.1	lostpod.me	France	ğŸ‡«ğŸ‡·
lomnik.net	1.45.1	lomnik.net	Germany	ğŸ‡©ğŸ‡ª
dalek.zone	1.45.1	dalek.zone	Germany	ğŸ‡©ğŸ‡ª
tpurist.com	1.45.1	tpurist.com	United States of America	ğŸ‡ºğŸ‡¸
spodeli.org	1.45.1	spodeli.org	United States of America	ğŸ‡ºğŸ‡¸
piscaer.com	1.45.1	piscaer.com	Germany	ğŸ‡©ğŸ‡ª
houtworm.im	1.45.1	houtworm.im	Netherlands	ğŸ‡³ğŸ‡±
freitrix.de	1.45.1	freitrix.de	Russia	ğŸ‡·ğŸ‡º
eryukov.net	1.45.1	eryukov.net	Czechia	ğŸ‡¨ğŸ‡¿
chat.usr.nz	1.45.1	chat.usr.nz	New Zealand	ğŸ‡³ğŸ‡¿
unita.online	1.45.1	unita.online	France	ğŸ‡«ğŸ‡·
settgast.org	1.45.1	settgast.org	Germany	ğŸ‡©ğŸ‡ª
halogen.city	1.45.1	halogen.city	United States of America	ğŸ‡ºğŸ‡¸
guy.ems.host	1.45.1	guy.ems.host	Germany	ğŸ‡©ğŸ‡ª
franssen.xyz	1.45.1	franssen.xyz	Finland	ğŸ‡«ğŸ‡®
calcuode.com	1.45.1	calcuode.com		
aria-net.org	1.45.1	aria-net.org	Italy	ğŸ‡®ğŸ‡¹
vyas.ems.host	1.45.1	vyas.ems.host	Germany	ğŸ‡©ğŸ‡ª
matrix.lrn.fm	1.45.1	matrix.lrn.fm	Canada	ğŸ‡¨ğŸ‡¦
m.deadcrab.de	1.45.1	m.deadcrab.de	Germany	ğŸ‡©ğŸ‡ª
juniorjpdj.pl	1.45.1	juniorjpdj.pl	Poland	ğŸ‡µğŸ‡±
hope.ems.host	1.45.1	hope.ems.host	United States of America	ğŸ‡ºğŸ‡¸
chat.filik.eu	1.45.1	chat.filik.eu	Czechia	ğŸ‡¨ğŸ‡¿
therealblue.de	1.45.0	therealblue.de	Germany	ğŸ‡©ğŸ‡ª
matrix.phcn.de	1.45.1	matrix.phcn.de	Netherlands	ğŸ‡³ğŸ‡±
matrix.lion.fm	1.45.0	matrix.lion.fm	United States of America	ğŸ‡ºğŸ‡¸
matrix.dhp.com	1.45.1	matrix.dhp.com	United States of America	ğŸ‡ºğŸ‡¸
matrix.comm.cx	1.45.1	matrix.comm.cx	United States of America	ğŸ‡ºğŸ‡¸
matrix.bits.at	1.45.1	matrix.bits.at	Germany	ğŸ‡©ğŸ‡ª
mailstation.de	1.45.1	mailstation.de	Germany	ğŸ‡©ğŸ‡ª
chimbus.online	1.45.1	chimbus.online	Australia	ğŸ‡¦ğŸ‡º
chat.thorko.de	1.45.1	chat.thorko.de	Germany	ğŸ‡©ğŸ‡ª
synapse.asra.gr	1.45.1	synapse.asra.gr	Germany	ğŸ‡©ğŸ‡ª
raccoondude.com	1.45.1	raccoondude.com	United States of America	ğŸ‡ºğŸ‡¸
matrix.tele2.ee	1.45.1	matrix.tele2.ee		
matrix.sebdu.de	1.45.1	matrix.sebdu.de	Germany	ğŸ‡©ğŸ‡ª
matrix.ohea.xyz	1.45.1	matrix.ohea.xyz	Canada	ğŸ‡¨ğŸ‡¦
matrix.goe.land	1.45.1	matrix.goe.land	France	ğŸ‡«ğŸ‡·
matrix.envs.net	1.45.1	matrix.envs.net	Germany	ğŸ‡©ğŸ‡ª
matrix.causa.li	1.45.1	matrix.causa.li	Canada	ğŸ‡¨ğŸ‡¦
matrix.abigo.de	1.45.1	matrix.abigo.de	Germany	ğŸ‡©ğŸ‡ª
m4tr1x.ems.host	1.45.1	m4tr1x.ems.host	Germany	ğŸ‡©ğŸ‡ª
chat.home55.net	1.45.1	chat.home55.net	Germany	ğŸ‡©ğŸ‡ª
chat.avlikos.gr	1.45.1	chat.avlikos.gr	Germany	ğŸ‡©ğŸ‡ª
matrix.v-lan.org	1.45.1	matrix.v-lan.org	Germany	ğŸ‡©ğŸ‡ª
matrix.sensin.eu	1.45.1	matrix.sensin.eu	Germany	ğŸ‡©ğŸ‡ª
matrix.nx-pod.de	1.45.1	matrix.nx-pod.de	Germany	ğŸ‡©ğŸ‡ª
matrix.nesven.eu	1.45.1	matrix.nesven.eu	Ireland	ğŸ‡®ğŸ‡ª
matrix.n3xus.one	1.45.1	matrix.n3xus.one	Germany	ğŸ‡©ğŸ‡ª
matrix.jhell.org	1.45.1	matrix.jhell.org	Germany	ğŸ‡©ğŸ‡ª
matrix.dapor.net	1.45.1	matrix.dapor.net	Germany	ğŸ‡©ğŸ‡ª
matrix.complb.de	1.45.1	matrix.complb.de	Germany	ğŸ‡©ğŸ‡ª
matrix.bda.space	1.45.0	matrix.bda.space	United States of America	ğŸ‡ºğŸ‡¸
matrix.base8.org	1.45.0	matrix.base8.org	United States of America	ğŸ‡ºğŸ‡¸
matrix.asger.xyz	1.45.1	matrix.asger.xyz	Australia	ğŸ‡¦ğŸ‡º
chat.twomoons.de	1.45.1	chat.twomoons.de	Germany	ğŸ‡©ğŸ‡ª
synapse.matoro.tk	1.45.1	synapse.matoro.tk	United States of America	ğŸ‡ºğŸ‡¸
synapse.chefst.de	1.45.1	synapse.chefst.de	Germany	ğŸ‡©ğŸ‡ª
matrix.yatrix.org	1.45.1	matrix.yatrix.org	Germany	ğŸ‡©ğŸ‡ª
matrix.wvffle.net	1.45.1	matrix.wvffle.net	Poland	ğŸ‡µğŸ‡±
matrix.vasbud.fun	1.45.1	matrix.vasbud.fun	Canada	ğŸ‡¨ğŸ‡¦
matrix.utwente.io	1.45.1	matrix.utwente.io	Netherlands	ğŸ‡³ğŸ‡±
matrix.troplo.com	1.45.1	matrix.troplo.com	Australia	ğŸ‡¦ğŸ‡º
matrix.tomesh.net	1.45.1	matrix.tomesh.net	United States of America	ğŸ‡ºğŸ‡¸
matrix.thiesyy.de	1.45.1	matrix.thiesyy.de	Austria	ğŸ‡¦ğŸ‡¹
matrix.sibnsk.net	1.45.1	matrix.sibnsk.net	Germany	ğŸ‡©ğŸ‡ª
matrix.radres.xyz	1.45.1	matrix.radres.xyz	France	ğŸ‡«ğŸ‡·
matrix.ideaweb.hu	1.45.1	matrix.ideaweb.hu	Germany	ğŸ‡©ğŸ‡ª
hive-mind.network	1.45.0	hive-mind.network	Seychelles	ğŸ‡¸ğŸ‡¨
cryotize.ddns.net	1.45.1	cryotize.ddns.net	Switzerland	ğŸ‡¨ğŸ‡­
synapse.vault81.de	1.45.0	synapse.vault81.de	Germany	ğŸ‡©ğŸ‡ª
spiff.plootarg.net	1.45.1	spiff.plootarg.net	France	ğŸ‡«ğŸ‡·
panthermoderns.org	1.45.1	panthermoderns.org	Germany	ğŸ‡©ğŸ‡ª
matrix.tpurist.com	1.45.1	matrix.tpurist.com	United States of America	ğŸ‡ºğŸ‡¸
matrix.tmiland.com	1.45.1	matrix.tmiland.com	Netherlands	ğŸ‡³ğŸ‡±
matrix.thegolem.cz	1.45.1	matrix.thegolem.cz	Czechia	ğŸ‡¨ğŸ‡¿
matrix.st0rm.cloud	1.45.1	matrix.st0rm.cloud	Germany	ğŸ‡©ğŸ‡ª
matrix.sp-codes.de	1.45.1	matrix.sp-codes.de	Germany	ğŸ‡©ğŸ‡ª
matrix.riotcat.org	1.45.1	matrix.riotcat.org	Germany	ğŸ‡©ğŸ‡ª
matrix.piscaer.com	1.45.1	matrix.piscaer.com	Germany	ğŸ‡©ğŸ‡ª
matrix.nobelium.no	1.45.1	matrix.nobelium.no	Norway	ğŸ‡³ğŸ‡´
matrix.netcavy.net	1.45.1	matrix.netcavy.net	Australia	ğŸ‡¦ğŸ‡º
matrix.ibsgaard.io	1.45.1	matrix.ibsgaard.io	United States of America	ğŸ‡ºğŸ‡¸
matrix.epactive.de	1.45.1	matrix.epactive.de	Germany	ğŸ‡©ğŸ‡ª
matrix.dabbill.com	1.45.1	matrix.dabbill.com	United States of America	ğŸ‡ºğŸ‡¸
matrix.cybre.space	1.45.1	matrix.cybre.space	Germany	ğŸ‡©ğŸ‡ª
chat.joinpoint.org	1.45.1	chat.joinpoint.org	Germany	ğŸ‡©ğŸ‡ª
the-apothecary.club	1.45.0	the-apothecary.club	Germany	ğŸ‡©ğŸ‡ª
synapse.malooma.bzh	1.45.1	synapse.malooma.bzh	France	ğŸ‡«ğŸ‡·
matrix.tschorne.net	1.45.1	matrix.tschorne.net	Germany	ğŸ‡©ğŸ‡ª
matrix.simonetti.nl	1.45.1	matrix.simonetti.nl	United States of America	ğŸ‡ºğŸ‡¸
matrix.rustysoft.de	1.45.1	matrix.rustysoft.de	France	ğŸ‡«ğŸ‡·
matrix.petabyte.dev	1.45.1	matrix.petabyte.dev	Germany	ğŸ‡©ğŸ‡ª
matrix.paglusch.com	1.45.1	matrix.paglusch.com	United States of America	ğŸ‡ºğŸ‡¸
matrix.linux020.net	1.45.1	matrix.linux020.net	Netherlands	ğŸ‡³ğŸ‡±
matrix.govanify.com	1.45.1	matrix.govanify.com	France	ğŸ‡«ğŸ‡·
matrix.beachcom.org	1.45.0	matrix.beachcom.org	Germany	ğŸ‡©ğŸ‡ª
fackler-software.de	1.45.1	fackler-software.de	Germany	ğŸ‡©ğŸ‡ª
server.matrix4ulm.de	1.45.1	server.matrix4ulm.de	Germany	ğŸ‡©ğŸ‡ª
matthewgall.ems.host	1.45.1	matthewgall.ems.host	Germany	ğŸ‡©ğŸ‡ª
matrix.underworld.fr	1.45.1	matrix.underworld.fr	France	ğŸ‡«ğŸ‡·
matrix.kiwifarms.net	1.45.1	matrix.kiwifarms.net	Australia	ğŸ‡¦ğŸ‡º
matrix.kellnerweg.de	1.45.1	matrix.kellnerweg.de	Germany	ğŸ‡©ğŸ‡ª
matrix.get-racing.de	1.45.1	matrix.get-racing.de	Germany	ğŸ‡©ğŸ‡ª
matrix.fff.community	1.45.1	matrix.fff.community	Germany	ğŸ‡©ğŸ‡ª
matrix.drastical.net	1.45.1	matrix.drastical.net	Netherlands	ğŸ‡³ğŸ‡±
matrix.danyocean.com	1.45.1	matrix.danyocean.com	France	ğŸ‡«ğŸ‡·
matrix.chatcloud.net	1.45.1	matrix.chatcloud.net	Germany	ğŸ‡©ğŸ‡ª
chat.pforzelona.club	1.45.1	chat.pforzelona.club	Germany	ğŸ‡©ğŸ‡ª
matrix.un-hack-bar.de	1.45.1	matrix.un-hack-bar.de	Germany	ğŸ‡©ğŸ‡ª
matrix.snt.utwente.nl	1.45.1	matrix.snt.utwente.nl	Netherlands	ğŸ‡³ğŸ‡±
matrix.linuxbrujo.net	1.45.1	matrix.linuxbrujo.net	Netherlands	ğŸ‡³ğŸ‡±
matrix.elsmussols.net	1.45.1	matrix.elsmussols.net	Germany	ğŸ‡©ğŸ‡ª
chat.opentechtalks.be	1.45.1	chat.opentechtalks.be	Belgium	ğŸ‡§ğŸ‡ª
skisr.cs.put.poznan.pl	1.45.1	skisr.cs.put.poznan.pl	Poland	ğŸ‡µğŸ‡±
riot.anarchyplanet.org	1.45.1	riot.anarchyplanet.org	United States of America	ğŸ‡ºğŸ‡¸
matrix.w1l.duckdns.org	1.45.1	matrix.w1l.duckdns.org	Germany	ğŸ‡©ğŸ‡ª
matrix.tetaneutral.net	1.45.1	matrix.tetaneutral.net	France	ğŸ‡«ğŸ‡·
matrix.rot1.bruckbu.de	1.45.1	matrix.rot1.bruckbu.de	Germany	ğŸ‡©ğŸ‡ª
matrix.morgan.software	1.45.1	matrix.morgan.software		
matrix.magnumchaos.org	1.45.1	matrix.magnumchaos.org	Germany	ğŸ‡©ğŸ‡ª
matrix.hiddenasian.dev	1.45.1	matrix.hiddenasian.dev	Germany	ğŸ‡©ğŸ‡ª
matrix.davidberthel.de	1.45.1	matrix.davidberthel.de	Germany	ğŸ‡©ğŸ‡ª
matrix.techsaviours.org	1.45.1	matrix.techsaviours.org	Germany	ğŸ‡©ğŸ‡ª
matrix.pancrypticon.net	1.45.1	matrix.pancrypticon.net	United States of America	ğŸ‡ºğŸ‡¸
matrix.mycloudservice.eu	1.45.1	matrix.mycloudservice.eu	Germany	ğŸ‡©ğŸ‡ª
matrix.livforthebaud.net	1.45.1	matrix.livforthebaud.net	United States of America	ğŸ‡ºğŸ‡¸
matrix.gears-gadgets.com	1.45.1	matrix.gears-gadgets.com	United States of America	ğŸ‡ºğŸ‡¸
matrix.banfieldzanin.com	1.45.1	matrix.banfieldzanin.com	United Kingdom	ğŸ‡¬ğŸ‡§
matrix.zahlenlabyrinth.de	1.45.1	matrix.zahlenlabyrinth.de	Germany	ğŸ‡©ğŸ‡ª
matrix.neuland.technology	1.45.1	matrix.neuland.technology	Germany	ğŸ‡©ğŸ‡ª
synapse.oblivioncoding.pro	1.45.1	synapse.oblivioncoding.pro	United States of America	ğŸ‡ºğŸ‡¸
matrix.eigenbaukombinat.de	1.45.1	matrix.eigenbaukombinat.de	Germany	ğŸ‡©ğŸ‡ª
matrix.3x3cut0r.synology.me	1.45.1	matrix.3x3cut0r.synology.me	Germany	ğŸ‡©ğŸ‡ª
synapse.matrix.digitale-gesellschaft.ch	1.45.1	synapse.matrix.digitale-gesellschaft.ch	Germany	ğŸ‡©ğŸ‡ª
vgd.me	1.44.0	vgd.me	United States of America	ğŸ‡ºğŸ‡¸
mux.re	1.44.0	mux.re	Finland	ğŸ‡«ğŸ‡®
vesp.cz	1.44.0	vesp.cz	Czechia	ğŸ‡¨ğŸ‡¿
llit.eu	1.44.0	llit.eu	France	ğŸ‡«ğŸ‡·
hats.im	1.44.0	hats.im		
toldi.eu	1.44.0	toldi.eu	Hungary	ğŸ‡­ğŸ‡º
ring0.de	1.44.0	ring0.de	Germany	ğŸ‡©ğŸ‡ª
m.edw.ai	1.44.0	m.edw.ai	United States of America	ğŸ‡ºğŸ‡¸
mgp.ax.lt	1.44.0	mgp.ax.lt	Germany	ğŸ‡©ğŸ‡ª
priv8.chat	1.44.0	priv8.chat	France	ğŸ‡«ğŸ‡·
mx.aire.ml	1.44.0	mx.aire.ml	Netherlands	ğŸ‡³ğŸ‡±
skylar.tech	1.44.0	skylar.tech	United States of America	ğŸ‡ºğŸ‡¸
im.tnode.eu	1.44.0	im.tnode.eu	Canada	ğŸ‡¨ğŸ‡¦
geese.party	1.44.0	geese.party	Denmark	ğŸ‡©ğŸ‡°
boritsch.de	1.44.0	boritsch.de	Germany	ğŸ‡©ğŸ‡ª
converser.eu	1.44.0	converser.eu	France	ğŸ‡«ğŸ‡·
zettabomb.com	1.44.0	zettabomb.com		
tricuties.com	1.44.0	tricuties.com	United States of America	ğŸ‡ºğŸ‡¸
rickelobe.com	1.44.0	rickelobe.com	United States of America	ğŸ‡ºğŸ‡¸
qubesos.rocks	1.44.0	qubesos.rocks	Australia	ğŸ‡¦ğŸ‡º
im.su.cvut.cz	1.44.0	im.su.cvut.cz	Czechia	ğŸ‡¨ğŸ‡¿
pirateriot.net	1.44.0	pirateriot.net	Germany	ğŸ‡©ğŸ‡ª
matrix.kjoe.ml	1.44.0	matrix.kjoe.ml	Germany	ğŸ‡©ğŸ‡ª
fatherjim.tech	1.44.0	fatherjim.tech	United States of America	ğŸ‡ºğŸ‡¸
matrix.rptc.bid	1.44.0	matrix.rptc.bid	France	ğŸ‡«ğŸ‡·
matrix.m31.zone	1.44.0	matrix.m31.zone	Germany	ğŸ‡©ğŸ‡ª
synapse.ring0.de	1.44.0	synapse.ring0.de	Germany	ğŸ‡©ğŸ‡ª
matrix.glargh.fr	1.44.0	matrix.glargh.fr	France	ğŸ‡«ğŸ‡·
matrix.caff.tech	1.44.0	matrix.caff.tech	Australia	ğŸ‡¦ğŸ‡º
matrix.akylas.fr	1.44.0	matrix.akylas.fr	France	ğŸ‡«ğŸ‡·
matrix.yksflip.de	1.44.0	matrix.yksflip.de	Germany	ğŸ‡©ğŸ‡ª
matrix.jeweet.net	1.44.0	matrix.jeweet.net	Netherlands	ğŸ‡³ğŸ‡±
matrix.mawalabs.de	1.44.0	matrix.mawalabs.de	Germany	ğŸ‡©ğŸ‡ª
matrix.heavner.dev	1.44.0	matrix.heavner.dev	France	ğŸ‡«ğŸ‡·
matrix.hankhub.net	1.44.0	matrix.hankhub.net	Singapore	ğŸ‡¸ğŸ‡¬
matrix.boritsch.de	1.44.0	matrix.boritsch.de	Germany	ğŸ‡©ğŸ‡ª
chat.mailbucket.eu	1.44.0	chat.mailbucket.eu	Germany	ğŸ‡©ğŸ‡ª
synapse.vpzom.click	1.44.0	synapse.vpzom.click	Finland	ğŸ‡«ğŸ‡®
synapse.dst.fjit.no	1.44.0	synapse.dst.fjit.no	Norway	ğŸ‡³ğŸ‡´
matrix.taskname.com	1.44.0	matrix.taskname.com	United States of America	ğŸ‡ºğŸ‡¸
matrix.schleiser.de	1.44.0	matrix.schleiser.de	France	ğŸ‡«ğŸ‡·
matrix.opencloud.lu	1.44.0	matrix.opencloud.lu	Luxembourg	ğŸ‡±ğŸ‡º
matrix.foxears.life	1.44.0	matrix.foxears.life	Germany	ğŸ‡©ğŸ‡ª
chat.geekforbes.com	1.44.0	chat.geekforbes.com	Canada	ğŸ‡¨ğŸ‡¦
matrix.sealbaker.com	1.44.0	matrix.sealbaker.com	Canada	ğŸ‡¨ğŸ‡¦
matrix.michaelpj.com	1.44.0	matrix.michaelpj.com	United Kingdom	ğŸ‡¬ğŸ‡§
matrix.lemarchand.io	1.44.0	matrix.lemarchand.io	France	ğŸ‡«ğŸ‡·
matrix.kitzberger.at	1.44.0	matrix.kitzberger.at	Austria	ğŸ‡¦ğŸ‡¹
matrix.greensteps.cn	1.44.0	matrix.greensteps.cn	Czechia	ğŸ‡¨ğŸ‡¿
matrix.ds-guiraud.fr	1.44.0	matrix.ds-guiraud.fr	France	ğŸ‡«ğŸ‡·
synapse.schefczyk.net	1.44.0	synapse.schefczyk.net	Germany	ğŸ‡©ğŸ‡ª
matrix.ombreport.info	1.44.0	matrix.ombreport.info	France	ğŸ‡«ğŸ‡·
matrix.lesbian.energy	1.44.0	matrix.lesbian.energy	United States of America	ğŸ‡ºğŸ‡¸
synapse.duncanturk.com	1.44.0	synapse.duncanturk.com	Germany	ğŸ‡©ğŸ‡ª
matrix.web3.foundation	1.44.0	matrix.web3.foundation	Germany	ğŸ‡©ğŸ‡ª
matrix.planetdecred.org	1.44.0	matrix.planetdecred.org	United States of America	ğŸ‡ºğŸ‡¸
matrix.arya.dogcraft.de	1.44.0	matrix.arya.dogcraft.de	Germany	ğŸ‡©ğŸ‡ª
matrix-rmonten.ddns.net	1.44.0	matrix-rmonten.ddns.net	United States of America	ğŸ‡ºğŸ‡¸
matrix.lorenzo12floxy.ga	1.44.0	matrix.lorenzo12floxy.ga	Netherlands	ğŸ‡³ğŸ‡±
